Front,Back,Hint
Ameliorate,Make something bad or unsatisfactory better.,Verb starting with A
Cacophony,A harsh discordant mixture of sounds.,Noun starting with C
Ephemeral,Lasting for a very short time.,Adjective starting with E
Fastidious,Very attentive to and concerned about accuracy and detail.,Adjective starting with F
Paradigm,A typical example or pattern of something; a model.,Noun starting with P
Ubiquitous,Present appearing or found everywhere.,Adjective starting with U
Mellifluous,Sweet or musical; pleasant to hear.,Adjective starting with M
Obfuscate,Render obscure unclear or unintelligible.,Verb starting with O
Quintessential,Representing the most perfect or typical example of a quality or class.,Adjective starting with Q
Sycophant,A person who acts obsequiously toward someone important in order to gain advantage.,Noun starting with S
